192.168.170.1,datos,,,
192.168.170.2,datos,,,
192.168.170.3,datos,,,
192.168.170.4,datos,,,
192.168.170.5,datos,,,
192.168.170.6,datos,,,
192.168.170.7,datos,,,
192.168.170.8,datos,,,
192.168.170.9,datos,,,
192.168.170.10,datos,,,
192.168.170.11,datos,,,
192.168.170.12,datos,,,
192.168.170.13,datos,,,
192.168.170.14,datos,,,
192.168.170.15,datos,,,
192.168.170.16,datos,,,
192.168.170.17,datos,,,
192.168.170.18,datos,,,
192.168.170.19,datos,,,
192.168.170.20,datos,,,
192.168.170.21,datos,,,
192.168.170.22,datos,,,
192.168.170.23,datos,,,
192.168.170.24,datos,,,
192.168.170.25,datos,,,
192.168.170.26,datos,,,
192.168.170.27,datos,,,
192.168.170.28,datos,,,
192.168.170.29,datos,,,
192.168.170.30,datos,,,
192.168.170.31,datos,,,
192.168.170.32,datos,,,
192.168.170.33,datos,,,
192.168.170.34,datos,,,
192.168.170.35,datos,,,
192.168.170.36,datos,,,
192.168.170.37,datos,,,
192.168.170.38,datos,,,
192.168.170.39,datos,,,
192.168.170.40,datos,,,
192.168.170.41,datos,,I34,
192.168.170.42,datos,,,
192.168.170.43,datos,,I35,
192.168.170.44,datos,,,
192.168.170.45,datos,,,
192.168.170.46,datos,,,
192.168.170.47,datos,,,
192.168.170.48,datos,,,
192.168.170.49,datos,,,
192.168.170.50,datos,,,
192.168.170.51,datos,,,
192.168.170.52,datos,,,
192.168.170.53,datos,,,
192.168.170.54,datos,,,
192.168.170.55,datos,,,
192.168.170.56,datos,,,
192.168.170.57,datos,,,
192.168.170.58,datos,,,
192.168.170.59,datos,,,
192.168.170.60,datos,,,
192.168.170.61,datos,,,
192.168.170.62,datos,,,
192.168.170.63,datos,,,
192.168.170.64,datos,,,
192.168.170.65,datos,,,
192.168.170.66,datos,,,
192.168.170.67,datos,,,
192.168.170.68,datos,,,
192.168.170.69,datos,,,
192.168.170.70,datos,,,
192.168.170.71,datos,,,
192.168.170.72,datos,,,
192.168.170.73,datos,,,
192.168.170.74,datos,,,
192.168.170.75,datos,,,
192.168.170.76,datos,,,
192.168.170.77,datos,,,
192.168.170.78,datos,,,
192.168.170.79,datos,,,
192.168.170.80,datos,,,
192.168.170.81,datos,,,
192.168.170.82,datos,,,
192.168.170.83,datos,,,
192.168.170.84,datos,,,
192.168.170.85,datos,,,
192.168.170.86,datos,,,
192.168.170.87,datos,,,
192.168.170.88,datos,,,
192.168.170.89,datos,,,
192.168.170.90,datos,,,
192.168.170.91,datos,,,
192.168.170.92,datos,,,
192.168.170.93,datos,,,
192.168.170.94,datos,,,
192.168.170.95,datos,,,
192.168.170.96,datos,,,
192.168.170.97,datos,,,
192.168.170.98,datos,,,
192.168.170.99,datos,,,
192.168.170.100,datos,,,
192.168.170.101,datos,,,
192.168.170.102,datos,,,
192.168.170.103,datos,,,
192.168.170.104,datos,,,
192.168.170.105,datos,,,
192.168.170.106,datos,,,
192.168.170.107,datos,,,
192.168.170.108,datos,,,
192.168.170.109,datos,,,
192.168.170.110,datos,,,
192.168.170.111,datos,,,
192.168.170.112,datos,,,
192.168.170.113,datos,,,
192.168.170.114,datos,,,
192.168.170.115,datos,,,
192.168.170.116,datos,,,
192.168.170.117,datos,,,
192.168.170.118,datos,,,
192.168.170.119,datos,,,
192.168.170.120,datos,,,
192.168.170.121,datos,,,
192.168.170.122,datos,,,
192.168.170.123,datos,,,
192.168.170.124,datos,,,
192.168.170.125,datos,,,
192.168.170.126,datos,,,
192.168.170.127,datos,,,
192.168.170.128,datos,,,
192.168.170.129,datos,,,
192.168.170.130,datos,,,
192.168.170.131,datos,,,
192.168.170.132,datos,,,
192.168.170.133,datos,,,
192.168.170.134,datos,,,
192.168.170.135,datos,,,
192.168.170.136,datos,,,
192.168.170.137,datos,,,
192.168.170.138,datos,,,
192.168.170.139,datos,,,
192.168.170.140,datos,,,
192.168.170.141,datos,,,
192.168.170.142,datos,,,
192.168.170.143,datos,,,
192.168.170.144,datos,,,
192.168.170.145,datos,,,
192.168.170.146,datos,,,
192.168.170.147,datos,,,
192.168.170.148,datos,,,
192.168.170.149,datos,,,
192.168.170.150,datos,,,
192.168.170.151,datos,,,
192.168.170.152,datos,,,
192.168.170.153,datos,,,
192.168.170.154,datos,,,
192.168.170.155,datos,,,
192.168.170.156,datos,,,
192.168.170.157,datos,,,
192.168.170.158,datos,,,
192.168.170.159,datos,,,
192.168.170.160,datos,,,
192.168.170.161,datos,,,
192.168.170.162,datos,,,
192.168.170.163,datos,,,
192.168.170.164,datos,,,
192.168.170.165,datos,,,
192.168.170.166,datos,,,
192.168.170.167,datos,,,
192.168.170.168,datos,,,
192.168.170.169,datos,,,
192.168.170.170,datos,,,
192.168.170.171,datos,,,
192.168.170.172,datos,,,
192.168.170.173,datos,,,
192.168.170.174,datos,,,
192.168.170.175,datos,,,
192.168.170.176,datos,,,
192.168.170.177,datos,,,
192.168.170.178,datos,,,
192.168.170.179,datos,,,
192.168.170.180,datos,,,
192.168.170.181,datos,,,
192.168.170.182,datos,,,
192.168.170.183,datos,,,
192.168.170.184,datos,,,
192.168.170.185,datos,,,
192.168.170.186,datos,,,
192.168.170.187,datos,,,
192.168.170.188,datos,,,
192.168.170.189,datos,,,
192.168.170.190,datos,,,
192.168.170.191,datos,,,
192.168.170.192,datos,,,
192.168.170.193,datos,,,
192.168.170.194,datos,,,
192.168.170.195,datos,,,
192.168.170.196,datos,,,
192.168.170.197,datos,,,
192.168.170.198,datos,,,
192.168.170.199,datos,,,
192.168.170.200,datos,,,
192.168.170.201,datos,,,
192.168.170.202,datos,,,
192.168.170.203,datos,,,
192.168.170.204,datos,,,
192.168.170.205,datos,,,
192.168.170.206,datos,,,
192.168.170.207,datos,,,
192.168.170.208,datos,,,
192.168.170.209,datos,,,
192.168.170.210,datos,,,
192.168.170.211,datos,,,
192.168.170.212,datos,,,
192.168.170.213,datos,,,
192.168.170.214,datos,,,
192.168.170.215,datos,,,
192.168.170.216,datos,,,
192.168.170.217,datos,,,
192.168.170.218,datos,,,
192.168.170.219,datos,,,
192.168.170.220,datos,,,
192.168.170.221,datos,,,
192.168.170.222,datos,,,
192.168.170.223,datos,,,
192.168.170.224,datos,,,
192.168.170.225,datos,,,
192.168.170.226,datos,,,
192.168.170.227,datos,,,
192.168.170.228,datos,,,
192.168.170.229,datos,,,
192.168.170.230,datos,,,
192.168.170.231,datos,,,
192.168.170.232,datos,,,
192.168.170.233,datos,,,
192.168.170.234,datos,,,
192.168.170.235,datos,,,
192.168.170.236,datos,,,
192.168.170.237,datos,,,
192.168.170.238,datos,,,
192.168.170.239,datos,,,
192.168.170.240,datos,,,
192.168.170.241,datos,,,
192.168.170.242,datos,,,
192.168.170.243,datos,,,
192.168.170.244,datos,,,
192.168.170.245,datos,,,
192.168.170.246,datos,,,
192.168.170.247,datos,,,
192.168.170.248,datos,,,
192.168.170.249,datos,,,
192.168.170.250,datos,,,
192.168.170.251,datos,,,
192.168.170.252,datos,,,
192.168.170.253,datos,,,
192.168.170.254,datos,,,
192.168.170.255,datos,,,
192.168.185.1,datos,,,
192.168.185.2,datos,,,
192.168.185.3,datos,,,
192.168.185.4,datos,,,
192.168.185.5,datos,,,
192.168.185.6,datos,,,
192.168.185.7,datos,,,
192.168.185.8,datos,,,
192.168.185.9,datos,,,
192.168.185.10,datos,,,
192.168.185.11,datos,,,
192.168.185.12,datos,,,
192.168.185.13,datos,,,
192.168.185.14,datos,,,
192.168.185.15,datos,,,
192.168.185.16,datos,,,
192.168.185.17,datos,,I4,
192.168.185.18,datos,,I1,
192.168.185.19,datos,,I2,
192.168.185.20,datos,PC34,,
192.168.185.21,datos,,I3,
192.168.185.22,datos,,,
192.168.185.23,datos,,,
192.168.185.24,datos,,,
192.168.185.25,datos,,,
192.168.185.26,datos,,,
192.168.185.27,datos,,I6,
192.168.185.28,datos,,,
192.168.185.29,datos,,,
192.168.185.30,datos,,,
192.168.185.31,datos,,I19,
192.168.185.32,datos,,,
192.168.185.33,datos,,I10,
192.168.185.34,datos,,I23,
192.168.185.35,datos,,I11,
192.168.185.36,datos,,I12,
192.168.185.37,datos,,I13,
192.168.185.38,datos,,I14,
192.168.185.39,datos,,I15,
192.168.185.40,datos,,I16,
192.168.185.41,datos,,I20,
192.168.185.42,datos,,,
192.168.185.43,datos,PC2,,
192.168.185.44,datos,PC1,,
192.168.185.45,datos,PC4,,
192.168.185.46,datos,,,
192.168.185.47,datos,,,
192.168.185.48,datos,,,
192.168.185.49,datos,,,
192.168.185.50,datos,,,
192.168.185.51,datos,PC6,,
192.168.185.52,datos,PC7,,
192.168.185.53,datos,PC8,,
192.168.185.54,datos,PC9,,
192.168.185.55,datos,PC10,,
192.168.185.56,datos,PC11,,
192.168.185.57,datos,PC12,,
192.168.185.58,datos,PC13,,
192.168.185.59,datos,PC14,,
192.168.185.60,datos,PC15,,
192.168.185.61,datos,,,
192.168.185.62,datos,PC16,,
192.168.185.63,datos,PC17,,
192.168.185.64,datos,PC18,,
192.168.185.65,datos,,,
192.168.185.66,datos,,,
192.168.185.67,datos,PC20,,
192.168.185.68,datos,,,
192.168.185.69,datos,,,
192.168.185.70,datos,,,
192.168.185.71,datos,,,
192.168.185.72,datos,,,
192.168.185.73,datos,,,
192.168.185.74,datos,,,
192.168.185.75,datos,,,
192.168.185.76,datos,,,
192.168.185.77,datos,,,
192.168.185.78,datos,,,
192.168.185.79,datos,,,
192.168.185.80,datos,,,
192.168.185.81,datos,,,
192.168.185.82,datos,,,
192.168.185.83,datos,,,
192.168.185.84,datos,,,
192.168.185.85,datos,,,
192.168.185.86,datos,,,
192.168.185.87,datos,,,
192.168.185.88,datos,,,
192.168.185.89,datos,,,
192.168.185.90,datos,,,
192.168.185.91,datos,,,
192.168.185.92,datos,,,
192.168.185.93,datos,,,
192.168.185.94,datos,,,
192.168.185.95,datos,,,
192.168.185.96,datos,,,
192.168.185.97,datos,,,
192.168.185.98,datos,,,
192.168.185.99,datos,,,
192.168.185.100,datos,PC22,,
192.168.185.101,datos,PC23,,
192.168.185.102,datos,PC25,,
192.168.185.103,datos,PC26,,
192.168.185.104,datos,PC27,,
192.168.185.105,datos,,,
192.168.185.106,datos,,,
192.168.185.107,datos,,,
192.168.185.108,datos,,,
192.168.185.109,datos,,,
192.168.185.110,datos,PC28,,
192.168.185.111,datos,,,
192.168.185.112,datos,,,
192.168.185.113,datos,,,
192.168.185.114,datos,,,
192.168.185.115,datos,,I18,
192.168.185.116,datos,PC29,,
192.168.185.117,datos,PC31,,
192.168.185.118,datos,PC32,,
192.168.185.119,datos,PC33,,
192.168.185.120,datos,,,
192.168.185.121,datos,PC48,,
192.168.185.122,datos,,,
192.168.185.123,datos,,,
192.168.185.124,datos,,,
192.168.185.125,datos,,,
192.168.185.126,datos,,,
192.168.185.127,datos,,,
192.168.185.128,datos,,,
192.168.185.129,datos,,,
192.168.185.130,datos,,,
192.168.185.131,datos,,,
192.168.185.132,datos,,,
192.168.185.133,datos,,,
192.168.185.134,datos,,,
192.168.185.135,datos,,,
192.168.185.136,datos,,,
192.168.185.137,datos,,,
192.168.185.138,datos,,,
192.168.185.139,datos,,,
192.168.185.140,datos,PC36,,
192.168.185.141,datos,,,
192.168.185.142,datos,,,
192.168.185.143,datos,,,
192.168.185.144,datos,,,
192.168.185.145,datos,,,
192.168.185.146,datos,,,
192.168.185.147,datos,,,
192.168.185.148,datos,PC24,,
192.168.185.149,datos,PC37,,
192.168.185.150,datos,,,
192.168.185.151,datos,,,
192.168.185.152,datos,,,
192.168.185.153,datos,PC38,,
192.168.185.154,datos,,,
192.168.185.155,datos,PC39,,
192.168.185.156,datos,,,
192.168.185.157,datos,,,
192.168.185.158,datos,,,
192.168.185.159,datos,,,
192.168.185.160,datos,,,
192.168.185.161,datos,,,
192.168.185.162,datos,,,
192.168.185.163,datos,,,
192.168.185.164,datos,,,
192.168.185.165,datos,,,
192.168.185.166,datos,,,
192.168.185.167,datos,,,
192.168.185.168,datos,,,
192.168.185.169,datos,,,
192.168.185.170,datos,,,
192.168.185.171,datos,,,
192.168.185.172,datos,,,
192.168.185.173,datos,,,
192.168.185.174,datos,,,
192.168.185.175,datos,,,
192.168.185.176,datos,,,
192.168.185.177,datos,,,
192.168.185.178,datos,,,
192.168.185.179,datos,,,
192.168.185.180,datos,PC40,,
192.168.185.181,datos,,,
192.168.185.182,datos,,,
192.168.185.183,datos,,,
192.168.185.184,datos,,,
192.168.185.185,datos,,,
192.168.185.186,datos,,,
192.168.185.187,datos,,,
192.168.185.188,datos,,,
192.168.185.189,datos,,,
192.168.185.190,datos,,,
192.168.185.191,datos,,,
192.168.185.192,datos,,,
192.168.185.193,datos,,,
192.168.185.194,datos,,,
192.168.185.195,datos,,,
192.168.185.196,datos,,,
192.168.185.197,datos,,,
192.168.185.198,datos,,,
192.168.185.199,datos,PC41,,
192.168.185.200,datos,PC42,,
192.168.185.201,datos,,,
192.168.185.202,datos,,,
192.168.185.203,datos,,,
192.168.185.204,datos,PC44,,
192.168.185.205,datos,,,
192.168.185.206,datos,,,
192.168.185.207,datos,,,
192.168.185.208,datos,,,
192.168.185.209,datos,,,
192.168.185.210,datos,,,
192.168.185.211,datos,,,
192.168.185.212,datos,,,
192.168.185.213,datos,,,
192.168.185.214,datos,,,
192.168.185.215,datos,,,
192.168.185.216,datos,,,
192.168.185.217,datos,,,
192.168.185.218,datos,,,
192.168.185.219,datos,,,
192.168.185.220,datos,,,
192.168.185.221,datos,,,
192.168.185.222,datos,,,
192.168.185.223,datos,,,
192.168.185.224,datos,,,
192.168.185.225,datos,,,
192.168.185.226,datos,,,
192.168.185.227,datos,,,
192.168.185.228,datos,,,
192.168.185.229,datos,,,
192.168.185.230,datos,,,
192.168.185.231,datos,,,
192.168.185.232,datos,,,
192.168.185.233,datos,,,
192.168.185.234,datos,,,
192.168.185.235,datos,,,
192.168.185.236,datos,,,
192.168.185.237,datos,,,
192.168.185.238,datos,,,
192.168.185.239,datos,,,
192.168.185.240,datos,,,
192.168.185.241,datos,,,
192.168.185.242,datos,,,
192.168.185.243,datos,,,
192.168.185.244,datos,,,
192.168.185.245,datos,,,
192.168.185.246,datos,,,
192.168.185.247,datos,,,
192.168.185.248,datos,,,
192.168.185.249,datos,,,
192.168.185.250,datos,,,
192.168.185.251,datos,,,
192.168.185.252,datos,,,
192.168.185.253,datos,,,
192.168.185.254,datos,,,
192.168.185.255,datos,,,
192.168.186.1,voz,,,
192.168.186.2,voz,,,
192.168.186.3,voz,,,
192.168.186.4,voz,,,
192.168.186.5,voz,,,
192.168.186.6,voz,,,
192.168.186.7,voz,,,
192.168.186.8,voz,,,
192.168.186.9,voz,,,
192.168.186.10,voz,,,
192.168.186.11,voz,,,
192.168.186.12,voz,,,
192.168.186.13,voz,,,
192.168.186.14,voz,,,
192.168.186.15,voz,,,
192.168.186.16,voz,,,
192.168.186.17,voz,,,
192.168.186.18,voz,,,
192.168.186.19,voz,,,
192.168.186.20,voz,,,
192.168.186.21,voz,,,
192.168.186.22,voz,,,
192.168.186.23,voz,,,
192.168.186.24,voz,,,
192.168.186.25,voz,,,
192.168.186.26,voz,,,
192.168.186.27,voz,,,
192.168.186.28,voz,,,
192.168.186.29,voz,,,
192.168.186.30,voz,,,
192.168.186.31,voz,,,
192.168.186.32,voz,,,
192.168.186.33,voz,,,
192.168.186.34,voz,,,
192.168.186.35,voz,,,
192.168.186.36,voz,,,
192.168.186.37,voz,,,
192.168.186.38,voz,,,
192.168.186.39,voz,,,
192.168.186.40,voz,,,
192.168.186.41,voz,,,
192.168.186.42,voz,,,
192.168.186.43,voz,,,
192.168.186.44,voz,,,
192.168.186.45,voz,,,
192.168.186.46,voz,,,
192.168.186.47,voz,,,
192.168.186.48,voz,,,
192.168.186.49,voz,,,
192.168.186.50,voz,,,
192.168.186.51,voz,,,T1
192.168.186.52,voz,,,T2
192.168.186.53,voz,,,T3
192.168.186.54,voz,,,T4
192.168.186.55,voz,,,
192.168.186.56,voz,,,T6
192.168.186.57,voz,,,T7
192.168.186.58,voz,,,T8
192.168.186.59,voz,,,T9
192.168.186.60,voz,,,T10
192.168.186.61,voz,,,T11
192.168.186.62,voz,,,T12
192.168.186.63,voz,,,T13
192.168.186.64,voz,,,T14
192.168.186.65,voz,,,T15
192.168.186.66,voz,,,
192.168.186.67,voz,,,T17
192.168.186.68,voz,,,T18
192.168.186.69,voz,,,T19
192.168.186.70,voz,,,T20
192.168.186.71,voz,,,T21
192.168.186.72,voz,,,T22
192.168.186.73,voz,,,T23
192.168.186.74,voz,,,
192.168.186.75,voz,,,T25
192.168.186.76,voz,,,
192.168.186.77,voz,,,T27
192.168.186.78,voz,,,T28
192.168.186.79,voz,,,T29
192.168.186.80,voz,,,T30
192.168.186.81,voz,,,T31
192.168.186.82,voz,,,
192.168.186.83,voz,,,T33
192.168.186.84,voz,,,T34
192.168.186.85,voz,,,T35
192.168.186.86,voz,,,T36
192.168.186.87,voz,,,
192.168.186.88,voz,,,T38
192.168.186.89,voz,,,T39
192.168.186.90,voz,,,T40
192.168.186.91,voz,,,T41
192.168.186.92,voz,,,T42
192.168.186.93,voz,,,
192.168.186.94,voz,,,
192.168.186.95,voz,,,
192.168.186.96,voz,,,
192.168.186.97,voz,,,
192.168.186.98,voz,,,
192.168.186.99,voz,,,
192.168.186.100,voz,,,
192.168.186.101,voz,,,
192.168.186.102,voz,,,
192.168.186.103,voz,,,
192.168.186.104,voz,,,
192.168.186.105,voz,,,
192.168.186.106,voz,,,
192.168.186.107,voz,,,
192.168.186.108,voz,,,
192.168.186.109,voz,,,
192.168.186.110,voz,,,
192.168.186.111,voz,,,
192.168.186.112,voz,,,
192.168.186.113,voz,,,
192.168.186.114,voz,,,
192.168.186.115,voz,,,
192.168.186.116,voz,,,
192.168.186.117,voz,,,
192.168.186.118,voz,,,
192.168.186.119,voz,,,
192.168.186.120,voz,,,
192.168.186.121,voz,,,
192.168.186.122,voz,,,
192.168.186.123,voz,,,
192.168.186.124,voz,,,
192.168.186.125,voz,,,
192.168.186.126,voz,,,
192.168.186.127,voz,,,
192.168.186.128,voz,,,
192.168.186.129,voz,,,
192.168.186.130,voz,,,
192.168.186.131,voz,,,
192.168.186.132,voz,,,
192.168.186.133,voz,,,
192.168.186.134,voz,,,
192.168.186.135,voz,,,
192.168.186.136,voz,,,
192.168.186.137,voz,,,
192.168.186.138,voz,,,
192.168.186.139,voz,,,
192.168.186.140,voz,,,
192.168.186.141,voz,,,
192.168.186.142,voz,,,
192.168.186.143,voz,,,
192.168.186.144,voz,,,
192.168.186.145,voz,,,
192.168.186.146,voz,,,
192.168.186.147,voz,,,
192.168.186.148,voz,,,
192.168.186.149,voz,,,
192.168.186.150,voz,,,
192.168.186.151,voz,,,
192.168.186.152,voz,,,
192.168.186.153,voz,,,
192.168.186.154,voz,,,
192.168.186.155,voz,,,
192.168.186.156,voz,,,
192.168.186.157,voz,,,
192.168.186.158,voz,,,
192.168.186.159,voz,,,
192.168.186.160,voz,,,
192.168.186.161,voz,,,
192.168.186.162,voz,,,
192.168.186.163,voz,,,
192.168.186.164,voz,,,
192.168.186.165,voz,,,
192.168.186.166,voz,,,
192.168.186.167,voz,,,
192.168.186.168,voz,,,
192.168.186.169,voz,,,
192.168.186.170,voz,,,
192.168.186.171,voz,,,
192.168.186.172,voz,,,
192.168.186.173,voz,,,
192.168.186.174,voz,,,
192.168.186.175,voz,,,
192.168.186.176,voz,,,
192.168.186.177,voz,,,
192.168.186.178,voz,,,
192.168.186.179,voz,,,
192.168.186.180,voz,,,
192.168.186.181,voz,,,
192.168.186.182,voz,,,
192.168.186.183,voz,,,
192.168.186.184,voz,,,
192.168.186.185,voz,,,
192.168.186.186,voz,,,
192.168.186.187,voz,,,
192.168.186.188,voz,,,
192.168.186.189,voz,,,
192.168.186.190,voz,,,
192.168.186.191,voz,,,
192.168.186.192,voz,,,
192.168.186.193,voz,,,
192.168.186.194,voz,,,
192.168.186.195,voz,,,
192.168.186.196,voz,,,
192.168.186.197,voz,,,
192.168.186.198,voz,,,
192.168.186.199,voz,,,
192.168.186.200,voz,,,
192.168.186.201,voz,,,
192.168.186.202,voz,,,
192.168.186.203,voz,,,
192.168.186.204,voz,,,
192.168.186.205,voz,,,
192.168.186.206,voz,,,
192.168.186.207,voz,,,
192.168.186.208,voz,,,
192.168.186.209,voz,,,
192.168.186.210,voz,,,
192.168.186.211,voz,,,
192.168.186.212,voz,,,
192.168.186.213,voz,,,
192.168.186.214,voz,,,
192.168.186.215,voz,,,
192.168.186.216,voz,,,
192.168.186.217,voz,,,
192.168.186.218,voz,,,
192.168.186.219,voz,,,
192.168.186.220,voz,,,
192.168.186.221,voz,,,
192.168.186.222,voz,,,
192.168.186.223,voz,,,
192.168.186.224,voz,,,
192.168.186.225,voz,,,
192.168.186.226,voz,,,
192.168.186.227,voz,,,
192.168.186.228,voz,,,
192.168.186.229,voz,,,
192.168.186.230,voz,,,
192.168.186.231,voz,,,
192.168.186.232,voz,,,
192.168.186.233,voz,,,
192.168.186.234,voz,,,
192.168.186.235,voz,,,
192.168.186.236,voz,,,
192.168.186.237,voz,,,
192.168.186.238,voz,,,
192.168.186.239,voz,,,
192.168.186.240,voz,,,
192.168.186.241,voz,,,
192.168.186.242,voz,,,
192.168.186.243,voz,,,
192.168.186.244,voz,,,
192.168.186.245,voz,,,
192.168.186.246,voz,,,
192.168.186.247,voz,,,
192.168.186.248,voz,,,
192.168.186.249,voz,,,
192.168.186.250,voz,,,
192.168.186.251,voz,,,
192.168.186.252,voz,,,
192.168.186.253,voz,,,
192.168.186.254,voz,,,
192.168.186.255,voz,,,
192.168.188.1,datos,,,
192.168.188.2,datos,,,
192.168.188.3,datos,,,
192.168.188.4,datos,,,
192.168.188.5,datos,,,
192.168.188.6,datos,,,
192.168.188.7,datos,,,
192.168.188.8,datos,,,
192.168.188.9,datos,,,
192.168.188.10,datos,,,
192.168.188.11,datos,,,
192.168.188.12,datos,,,
192.168.188.13,datos,,,
192.168.188.14,datos,,,
192.168.188.15,datos,,,
192.168.188.16,datos,,,
192.168.188.17,datos,,,
192.168.188.18,datos,,,
192.168.188.19,datos,,,
192.168.188.20,datos,,I32,
192.168.188.21,datos,,I33,
192.168.188.22,datos,,,
192.168.188.23,datos,,,
192.168.188.24,datos,,,
192.168.188.25,datos,,,
192.168.188.26,datos,,,
192.168.188.27,datos,,,
192.168.188.28,datos,,,
192.168.188.29,datos,,,
192.168.188.30,datos,,,
192.168.188.31,datos,,,
192.168.188.32,datos,,,
192.168.188.33,datos,,,
192.168.188.34,datos,,,
192.168.188.35,datos,,,
192.168.188.36,datos,,,
192.168.188.37,datos,,,
192.168.188.38,datos,,,
192.168.188.39,datos,,,
192.168.188.40,datos,,,
192.168.188.41,datos,,,
192.168.188.42,datos,,,
192.168.188.43,datos,,,
192.168.188.44,datos,,,
192.168.188.45,datos,,,
192.168.188.46,datos,,,
192.168.188.47,datos,,,
192.168.188.48,datos,,,
192.168.188.49,datos,,,
192.168.188.50,datos,,,
192.168.188.51,datos,,,
192.168.188.52,datos,,,
192.168.188.53,datos,,,
192.168.188.54,datos,,,
192.168.188.55,datos,,,
192.168.188.56,datos,,,
192.168.188.57,datos,,,
192.168.188.58,datos,,,
192.168.188.59,datos,,,
192.168.188.60,datos,,,
192.168.188.61,datos,,,
192.168.188.62,datos,,,
192.168.188.63,datos,,,
192.168.188.64,datos,,,
192.168.188.65,datos,,,
192.168.188.66,datos,,,
192.168.188.67,datos,,,
192.168.188.68,datos,,,
192.168.188.69,datos,,,
192.168.188.70,datos,,,
192.168.188.71,datos,,,
192.168.188.72,datos,,,
192.168.188.73,datos,,,
192.168.188.74,datos,,,
192.168.188.75,datos,,,
192.168.188.76,datos,,,
192.168.188.77,datos,,,
192.168.188.78,datos,,,
192.168.188.79,datos,,,
192.168.188.80,datos,,,
192.168.188.81,datos,,,
192.168.188.82,datos,,,
192.168.188.83,datos,,,
192.168.188.84,datos,,,
192.168.188.85,datos,,,
192.168.188.86,datos,,,
192.168.188.87,datos,,,
192.168.188.88,datos,,,
192.168.188.89,datos,,,
192.168.188.90,datos,,,
192.168.188.91,datos,,,
192.168.188.92,datos,,,
192.168.188.93,datos,,,
192.168.188.94,datos,,,
192.168.188.95,datos,,,
192.168.188.96,datos,,,
192.168.188.97,datos,,,
192.168.188.98,datos,,,
192.168.188.99,datos,,,
192.168.188.100,datos,,,
192.168.188.101,datos,,,
192.168.188.102,datos,,,
192.168.188.103,datos,,,
192.168.188.104,datos,,,
192.168.188.105,datos,PC52,,
192.168.188.106,datos,,,
192.168.188.107,datos,,,
192.168.188.108,datos,PC53,,
192.168.188.109,datos,PC54,,
192.168.188.110,datos,PC55,,
192.168.188.111,datos,,,
192.168.188.112,datos,,,
192.168.188.113,datos,PC56,,
192.168.188.114,datos,,,
192.168.188.115,datos,,,
192.168.188.116,datos,,,
192.168.188.117,datos,,,
192.168.188.118,datos,,,
192.168.188.119,datos,,,
192.168.188.120,datos,,,
192.168.188.121,datos,,,
192.168.188.122,datos,,,
192.168.188.123,datos,,,
192.168.188.124,datos,,,
192.168.188.125,datos,,,
192.168.188.126,datos,,,
192.168.188.127,datos,,,
192.168.188.128,datos,,,
192.168.188.129,datos,,,
192.168.188.130,datos,,,
192.168.188.131,datos,,,
192.168.188.132,datos,,,
192.168.188.133,datos,,,
192.168.188.134,datos,,,
192.168.188.135,datos,,,
192.168.188.136,datos,,,
192.168.188.137,datos,,,
192.168.188.138,datos,,,
192.168.188.139,datos,,,
192.168.188.140,datos,,,
192.168.188.141,datos,,,
192.168.188.142,datos,,,
192.168.188.143,datos,,,
192.168.188.144,datos,,,
192.168.188.145,datos,,,
192.168.188.146,datos,,,
192.168.188.147,datos,,,
192.168.188.148,datos,,,
192.168.188.149,datos,,,
192.168.188.150,datos,,,
192.168.188.151,datos,,,
192.168.188.152,datos,,,
192.168.188.153,datos,,,
192.168.188.154,datos,,,
192.168.188.155,datos,,,
192.168.188.156,datos,,,
192.168.188.157,datos,,,
192.168.188.158,datos,,,
192.168.188.159,datos,,,
192.168.188.160,datos,,,
192.168.188.161,datos,,,
192.168.188.162,datos,,,
192.168.188.163,datos,,,
192.168.188.164,datos,,,
192.168.188.165,datos,,,
192.168.188.166,datos,,,
192.168.188.167,datos,,,
192.168.188.168,datos,,,
192.168.188.169,datos,,,
192.168.188.170,datos,,,
192.168.188.171,datos,,,
192.168.188.172,datos,,,
192.168.188.173,datos,,,
192.168.188.174,datos,,,
192.168.188.175,datos,,,
192.168.188.176,datos,,,
192.168.188.177,datos,,,
192.168.188.178,datos,,,
192.168.188.179,datos,,,
192.168.188.180,datos,,,
192.168.188.181,datos,,,
192.168.188.182,datos,,,
192.168.188.183,datos,,,
192.168.188.184,datos,,,
192.168.188.185,datos,,,
192.168.188.186,datos,,,
192.168.188.187,datos,,,
192.168.188.188,datos,,,
192.168.188.189,datos,,,
192.168.188.190,datos,,,
192.168.188.191,datos,,,
192.168.188.192,datos,,,
192.168.188.193,datos,,,
192.168.188.194,datos,,,
192.168.188.195,datos,,,
192.168.188.196,datos,,,
192.168.188.197,datos,,,
192.168.188.198,datos,,,
192.168.188.199,datos,,,
192.168.188.200,datos,,,
192.168.188.201,datos,,,
192.168.188.202,datos,,,
192.168.188.203,datos,,,
192.168.188.204,datos,,,
192.168.188.205,datos,,,
192.168.188.206,datos,,,
192.168.188.207,datos,,,
192.168.188.208,datos,,,
192.168.188.209,datos,,,
192.168.188.210,datos,,,
192.168.188.211,datos,,,
192.168.188.212,datos,,,
192.168.188.213,datos,,,
192.168.188.214,datos,,,
192.168.188.215,datos,,,
192.168.188.216,datos,,,
192.168.188.217,datos,,,
192.168.188.218,datos,,,
192.168.188.219,datos,,,
192.168.188.220,datos,,,
192.168.188.221,datos,,,
192.168.188.222,datos,,,
192.168.188.223,datos,,,
192.168.188.224,datos,,,
192.168.188.225,datos,,,
192.168.188.226,datos,,,
192.168.188.227,datos,,,
192.168.188.228,datos,,,
192.168.188.229,datos,,,
192.168.188.230,datos,,,
192.168.188.231,datos,,,
192.168.188.232,datos,,,
192.168.188.233,datos,,,
192.168.188.234,datos,,,
192.168.188.235,datos,,,
192.168.188.236,datos,,,
192.168.188.237,datos,,,
192.168.188.238,datos,,,
192.168.188.239,datos,,,
192.168.188.240,datos,,,
192.168.188.241,datos,,,
192.168.188.242,datos,,,
192.168.188.243,datos,,,
192.168.188.244,datos,,,
192.168.188.245,datos,,,
192.168.188.246,datos,,,
192.168.188.247,datos,,,
192.168.188.248,datos,,,
192.168.188.249,datos,,,
192.168.188.250,datos,,,
192.168.188.251,datos,,,
192.168.188.252,datos,,,
192.168.188.253,datos,,,
192.168.188.254,datos,,,
192.168.188.255,datos,,,
